"Species","Origin","Age","DBH","Ht","Pst","Pbr","Pf","Pabo","Country","GAge"
"Picea abies (L.) Karst.","Natural",77,31.9,32.4,596,30.9,16,642.9,"SWZ","50-100"
"Picea abies (L.) Karst.","Natural",100,34,31,564,27.4,16.4,607.8,"SWZ","50-100"
"Picea abies (L.) Karst.","Natural",102,31.5,26.2,494,46.5,18.8,559.3,"SWZ",">100"
"Picea abies (L.) Karst.","Natural",157,43.4,34.9,1133,86.3,32.3,1251.6,"SWZ",">100"
"Picea abies (L.) Karst.","Natural",53,19.4,21.4,163,9.69,7.7,180.4,"SWZ","50-100"
"Picea abies (L.) Karst.","Natural",62,18.5,19,127,9.76,9.1,145.9,"SWZ","50-100"
"Picea abies (L.) Karst.","Natural",63,21.4,15.6,111,15,12.7,138.7,"SWZ","50-100"
"Picea abies (L.) Karst.","Natural",65,26.8,27,352,23,16.7,391.7,"SWZ","50-100"
"Picea abies (L.) Karst.","Natural",45,15.4,18.6,110,9.74,6.5,126.2,"SWZ","<50"
"Picea abies (L.) Karst.","Natural",46,17.3,18.4,119,11.3,11.2,141.5,"SWZ","<50"
"Picea abies (L.) Karst.","Natural",50,20.5,13.4,100,16.1,12,128.1,"SWZ","50-100"
"Picea abies (L.) Karst.","Natural",31,9.3,10.6,25.4,5.39,2.99,33.8,"SWZ","<50"
"Picea abies (L.) Karst.","Natural",32,11.2,13.3,38.4,5.5,3.46,47.4,"SWZ","<50"
"Picea abies (L.) Karst.","Natural",34,10.8,10.3,35.7,5.51,5.56,46.8,"SWZ","<50"
"Picea abies (L.) Karst.","Natural",35,16.2,15.2,75.7,10.7,11.9,98.3,"SWZ","<50"
"Picea abies (L.) Karst.","Natural",30,8.3,10.6,16.7,5.92,2.63,25.3,"SWZ","<50"
"Picea abies (L.) Karst.","Natural",30,7.2,9.8,7.2,6.82,2.02,16,"SWZ","<50"
"Picea abies (L.) Karst.","Natural",30,9.4,11.4,15.8,5.02,3.25,24.1,"SWZ","<50"
"Picea abies (L.) Karst.","Natural",30,12.6,11.9,32.8,6.74,7.3,46.8,"SWZ","<50"
"Picea abies (L.) Karst.","Natural",31,9.3,10.6,16,5.39,2.99,24.4,"SWZ","<50"
"Picea abies (L.) Karst.","Natural",31,10.8,12.8,25.7,5.98,3.57,35.3,"SWZ","<50"
"Picea abies (L.) Karst.","Natural",31,15.2,14.4,55.9,11.58,10.6,78.1,"SWZ","<50"
"Picea abies (L.) Karst.","Natural",31,16.8,15,64.8,13.83,12.47,91.1,"SWZ","<50"
"Picea abies (L.) Karst.","Natural",34,9,9.1,13,4.7,2.31,20,"SWZ","<50"
"Picea abies (L.) Karst.","Natural",34,10.8,10.3,20.8,5.51,5.56,31.9,"SWZ","<50"
"Picea abies (L.) Karst.","Natural",34,13,12.9,41.85,7.25,8.78,57.9,"SWZ","<50"
"Picea abies (L.) Karst.","Natural",35,8.7,11.6,17.5,5.99,1.78,25.3,"SWZ","<50"
"Picea abies (L.) Karst.","Natural",35,12.6,13,32,7.04,6.45,45.5,"SWZ","<50"
"Picea abies (L.) Karst.","Natural",35,16.8,16,62.5,6.54,7.13,76.2,"SWZ","<50"
"Picea abies (L.) Karst.","Natural",35,19.8,17.4,114.8,14.37,17.29,146.5,"SWZ","<50"
"Picea abies (L.) Karst.","Natural",35,25.1,20,187,21.38,22.93,231.3,"SWZ","<50"
"Picea abies (L.) Karst.","Natural",39,6.6,7,5.33,4.86,1.45,11.64,"SWZ","<50"
"Picea abies (L.) Karst.","Natural",39,7.4,7.7,7.36,5.84,1.81,15.01,"SWZ","<50"
"Picea abies (L.) Karst.","Natural",39,7.9,8,7.79,4.75,1.87,14.41,"SWZ","<50"
"Picea abies (L.) Karst.","Natural",39,9.5,7.7,12.71,5.26,3.91,21.9,"SWZ","<50"
"Picea abies (L.) Karst.","Natural",39,10.7,8.7,15.9,5.46,4.35,25.7,"SWZ","<50"
"Picea abies (L.) Karst.","Natural",39,11.2,10.4,23,6.68,5.06,34.7,"SWZ","<50"
"Picea abies (L.) Karst.","Natural",39,12.8,10.7,27.1,9.59,8.76,45.45,"SWZ","<50"
"Picea abies (L.) Karst.","Natural",39,13.2,10.7,30.8,10.73,8.53,50.1,"SWZ","<50"
"Picea abies (L.) Karst.","Natural",39,13.4,11.7,32.8,9.96,10.7,53.5,"SWZ","<50"
"Picea abies (L.) Karst.","Natural",39,14.5,11.7,39.6,12.87,12.84,65.3,"SWZ","<50"
"Picea abies (L.) Karst.","Natural",39,16.9,12.8,52.9,16.19,17.15,86.2,"SWZ","<50"
"Picea abies (L.) Karst.","Natural",39,18,13.3,58.3,15.51,15.05,88.9,"SWZ","<50"
"Picea abies (L.) Karst.","Natural",40,12.2,16.4,44.55,5.5,2.26,52.3,"SWZ","<50"
"Picea abies (L.) Karst.","Natural",40,13.8,16.9,52.5,4.56,2.66,59.7,"SWZ","<50"
"Picea abies (L.) Karst.","Natural",40,16.1,17.2,68.8,6.53,3.95,79.3,"SWZ","<50"
"Picea abies (L.) Karst.","Natural",40,17,19,76.2,6.48,6.36,89,"SWZ","<50"
"Picea abies (L.) Karst.","Natural",40,17.2,18,77.2,6.7,5.19,89.1,"SWZ","<50"
"Picea abies (L.) Karst.","Natural",40,19.8,18.6,110.4,11.23,9.69,131.3,"SWZ","<50"
"Picea abies (L.) Karst.","Natural",40,20.6,19,125.2,15.89,10.99,152.1,"SWZ","<50"
"Picea abies (L.) Karst.","Natural",40,22.4,21.4,151.2,20.4,17.24,188.8,"SWZ","<50"
"Picea abies (L.) Karst.","Natural",40,22.8,19,130.55,20.35,10.85,161.8,"SWZ","<50"
"Picea abies (L.) Karst.","Natural",40,26.2,21.6,196.1,23.66,17.72,237.5,"SWZ","<50"
"Picea abies (L.) Karst.","Natural",40,27.5,20.3,184.3,23.18,19.16,226.6,"SWZ","<50"
"Picea abies (L.) Karst.","Natural",40,7.2,7.8,6.08,4.34,1.46,11.9,"SWZ","<50"
"Picea abies (L.) Karst.","Natural",40,7.3,7,6.15,3.96,1.13,11.24,"SWZ","<50"
"Picea abies (L.) Karst.","Natural",40,7.9,7.2,7.14,4.6,2.08,13.8,"SWZ","<50"
"Picea abies (L.) Karst.","Natural",40,9.4,8.4,10.73,4.71,2.74,18.2,"SWZ","<50"
"Picea abies (L.) Karst.","Natural",40,10.2,9.6,15.6,4.72,2.85,23.2,"SWZ","<50"
"Picea abies (L.) Karst.","Natural",40,10.8,9.8,17.4,5.2,3.58,26.2,"SWZ","<50"
"Picea abies (L.) Karst.","Natural",40,10.9,9,18,5.72,3.42,27.1,"SWZ","<50"
"Picea abies (L.) Karst.","Natural",40,11.4,9.8,20,4.77,3.32,28.1,"SWZ","<50"
"Picea abies (L.) Karst.","Natural",40,12.6,10.6,22.4,6.14,4.82,33.4,"SWZ","<50"
"Picea abies (L.) Karst.","Natural",40,12.8,10.4,23.45,6.97,4.51,34.9,"SWZ","<50"
"Picea abies (L.) Karst.","Natural",40,13.2,9.5,24.57,9.06,7.32,40.9,"SWZ","<50"
"Picea abies (L.) Karst.","Natural",45,15.4,18.6,86.24,9.74,6.5,102.5,"SWZ","<50"
"Picea abies (L.) Karst.","Natural",45,16.4,19,86.8,10.13,8,104.9,"SWZ","<50"
"Picea abies (L.) Karst.","Natural",45,18.4,19,130.2,16.99,11.3,158.5,"SWZ","<50"
"Picea abies (L.) Karst.","Natural",46,13,15.8,53.11,5.09,3.1,61.3,"SWZ","<50"
"Picea abies (L.) Karst.","Natural",46,15.6,18.4,93.6,8.6,8.4,110.6,"SWZ","<50"
"Picea abies (L.) Karst.","Natural",46,19.1,18.4,126,14.07,14.1,154.2,"SWZ","<50"
"Picea abies (L.) Karst.","Natural",46,24.2,22.6,217.4,21.71,25.7,264.8,"SWZ","<50"
"Picea abies (L.) Karst.","Natural",46,28.6,21.4,259.7,30.77,30,320.5,"SWZ","<50"
"Picea abies (L.) Karst.","Natural",55,14,17.4,62.78,6.54,3.7,73,"SWZ","50-100"
"Picea abies (L.) Karst.","Natural",55,24.2,23,221,18.24,16.4,255.6,"SWZ","50-100"
"Picea abies (L.) Karst.","Natural",55,34.2,28.4,532.3,65.02,36.4,633.7,"SWZ","50-100"
"Picea abies (L.) Karst.","Natural",63,14.6,13.6,45.2,3.93,2.6,51.7,"SWZ","50-100"
"Picea abies (L.) Karst.","Natural",63,16.8,15.8,64.1,5.66,4.7,74.5,"SWZ","50-100"
"Picea abies (L.) Karst.","Natural",63,17.2,13.8,62.9,7,5.7,75.6,"SWZ","50-100"
"Picea abies (L.) Karst.","Natural",63,21.4,15.6,107.9,15.02,12.7,135.6,"SWZ","50-100"
"Picea abies (L.) Karst.","Natural",63,21.8,16.6,114.7,10.96,9,134.7,"SWZ","50-100"
"Picea abies (L.) Karst.","Natural",63,24.5,20.6,175,21.16,18.1,214.3,"SWZ","50-100"
"Picea abies (L.) Karst.","Natural",63,24.8,15.8,148.4,16.53,18.7,183.6,"SWZ","50-100"
"Picea abies (L.) Karst.","Natural",63,29,16.8,181.2,31.9,28,241.1,"SWZ","50-100"
"Picea abies (L.) Karst.","Natural",66,24.8,27,273.9,6.93,4.7,285.5,"SWZ","50-100"
"Picea abies (L.) Karst.","Natural",66,27,27.6,285.3,8.88,6.2,300.4,"SWZ","50-100"
"Picea abies (L.) Karst.","Natural",66,28.4,27.6,343.1,11.75,9,363.9,"SWZ","50-100"
"Picea abies (L.) Karst.","Natural",66,34.1,29.2,385.7,15.7,12.3,413.7,"SWZ","50-100"
"Picea abies (L.) Karst.","Natural",72,12.2,15.2,51.9,5.51,2.7,60.1,"SWZ","50-100"
"Picea abies (L.) Karst.","Natural",72,19,20.6,127.8,8.95,6.9,143.6,"SWZ","50-100"
"Picea abies (L.) Karst.","Natural",72,28.4,25.4,320.2,27.19,21.5,368.9,"SWZ","50-100"
"Picea abies (L.) Karst.","Natural",72,32.7,28.4,471.1,30.09,26,527.2,"SWZ","50-100"
"Picea abies (L.) Karst.","Natural",72,39.8,27.2,610.7,62.72,46.4,719.8,"SWZ","50-100"
"Picea abies (L.) Karst.","Natural",77,29.4,32.2,454,24.31,15.5,493.8,"SWZ","50-100"
"Picea abies (L.) Karst.","Natural",77,34.4,32.6,622.3,37.5,16.4,676.2,"SWZ","50-100"
"Picea abies (L.) Karst.","Natural",77,39.8,35,904.7,66.7,34.8,1006.2,"SWZ","50-100"
"Picea abies (L.) Karst.","Natural",77,44.4,35.2,1031.6,77.94,39.1,1148.6,"SWZ","50-100"
"Picea abies (L.) Karst.","Natural",100,24.3,27.8,277.8,14.29,8.9,301,"SWZ","50-100"
"Picea abies (L.) Karst.","Natural",100,34,31,548.9,27.44,16.4,592.7,"SWZ","50-100"
"Picea abies (L.) Karst.","Natural",100,44.7,32.6,1029.1,87.89,50.7,1167.7,"SWZ","50-100"
"Picea abies (L.) Karst.","Natural",102,23.8,22.4,255.8,16.81,12.4,285,"SWZ",">100"
"Picea abies (L.) Karst.","Natural",102,26.6,24.8,305.5,27.44,13.6,346.5,"SWZ",">100"
"Picea abies (L.) Karst.","Natural",102,36.5,27.6,660,65.54,24,749.5,"SWZ",">100"
"Picea abies (L.) Karst.","Natural",102,41.6,28,798.1,80.97,33.8,912.9,"SWZ",">100"
"Picea abies (L.) Karst.","Natural",102,53.9,38,1722.2,180.2,61.8,1964.2,"SWZ",">100"
"Picea abies (L.) Karst.","Natural",102,59.5,40,1965.5,255.3,79.1,2300,"SWZ",">100"
"Picea abies (L.) Karst.","Natural",147,55.8,40.4,1893.8,137.7,47.5,2079,"SWZ",">100"
"Picea abies (L.) Karst.","Natural",152,67.6,42.8,2872.4,359.9,131.9,3364.2,"SWZ",">100"
"Picea abies (L.) Karst.","Natural",157,27.4,29.4,451.2,27.7,13.6,492.5,"SWZ",">100"
"Picea abies (L.) Karst.","Natural",157,37.9,33.4,831.2,67.6,25.2,924,"SWZ",">100"
"Picea abies (L.) Karst.","Natural",157,48.9,36.4,1550.2,105,39.4,1694.6,"SWZ",">100"
"Picea abies (L.) Karst.","Natural",157,56.7,36,1578.1,155.7,47.1,1780.9,"SWZ",">100"
"Picea abies (L.) Karst.","Natural",116,12.2,7.6,17.16,8.02,5.7,30.9,"SWZ",">100"
"Picea abies (L.) Karst.","Natural",200,23.4,18.7,167.3,23.56,15.1,206,"SWZ",">100"
"Picea abies (L.) Karst.","Natural",250,34.8,23,434.3,76.6,48.9,559.8,"SWZ",">100"
"Picea abies (L.) Karst.","Natural",162,51.4,27.4,907.1,203.5,100,1210.6,"SWZ",">100"
"Picea abies (L.) Karst.","Natural",76,31.5,28.8,526.4,76.42,32.4,635.2,"GER","50-100"
"Picea abies (L.) Karst.","Natural",76,33.6,28.4,502.6,53.45,25.7,581.8,"GER","50-100"
"Picea abies (L.) Karst.","Natural",76,39.2,30.6,553,51.26,38.7,643,"GER","50-100"
"Picea abies (L.) Karst.","Natural",76,42.5,30.6,836.8,81.33,45.5,963.7,"GER","50-100"
"Picea abies (L.) Karst.","Natural",18,9.2,7,10.92,1.36,3.75,16.03,"GER","<50"
"Picea abies (L.) Karst.","Natural",19,8.6,7.5,8.93,1.08,2.75,12.76,"GER","<50"
"Picea abies (L.) Karst.","Natural",13,3.5,4.2,1.05,0.36,0.378,1.79,"GER","<50"
"Picea abies (L.) Karst.","Natural",15,6.2,6.3,4.25,0.89,1.81,6.95,"GER","<50"
"Picea abies (L.) Karst.","Natural",17,10.8,9.5,15.06,0.85,4.74,20.65,"GER","<50"
"Picea abies (L.) Karst.","Natural",34,7.96,6.35,7.06,0.72,1.87,9.65,"GER","<50"
"Picea abies (L.) Karst.","Natural",34,13.4,11,33.74,0.84,7.3,41.88,"GER","<50"
"Picea abies (L.) Karst.","Natural",36,12.1,10.5,25.94,1.22,6.73,33.89,"GER","<50"
"Picea abies (L.) Karst.","Natural",37,10.2,9.08,16.39,1.01,6.37,23.77,"GER","<50"
"Picea abies (L.) Karst.","Natural",35,8.9,7.7,9.2,0.65,3.7,13.55,"GER","<50"
"Picea abies (L.) Karst.","Natural",43,15.4,16,52.79,2.66,7.6,63.05,"GER","<50"
"Picea abies (L.) Karst.","Natural",46,22,18.5,131.36,4.03,23.53,158.9,"GER","<50"
"Picea abies (L.) Karst.","Natural",43,29.2,19.8,196.41,4.45,30.64,231.5,"GER","<50"
"Picea abies (L.) Karst.","Natural",41,20.2,16.5,84.84,4.26,20.25,109.4,"GER","<50"
"Picea abies (L.) Karst.","Natural",42,33,21,247.76,5,48.4,301.2,"GER","<50"
"Picea abies (L.) Karst.","Natural",45,22.9,18.6,120.86,NA,15.46,137.6,"GER","<50"
"Picea abies (L.) Karst.","Natural",73,26.7,23.03,207.78,3.15,11.94,222.9,"GER","50-100"
"Picea abies (L.) Karst.","Natural",72,27.4,23.83,248.25,6.2,31.31,285.8,"GER","50-100"
"Picea abies (L.) Karst.","Natural",72,36,25.75,370.32,14.23,47.37,431.9,"GER","50-100"
"Picea abies (L.) Karst.","Natural",71,38.8,26.9,470.98,6.9,48.39,526.3,"GER","50-100"
"Picea abies (L.) Karst.","Natural",71,47.4,29.4,847.46,28.58,75.64,951.7,"GER","50-100"
"Picea abies (L.) Karst.","Natural",112,28,27.8,342.88,8.76,23.67,375.3,"GER",">100"
"Picea abies (L.) Karst.","Natural",114,31.5,29.2,470.94,10.16,36.39,517.5,"GER",">100"
"Picea abies (L.) Karst.","Natural",111,37.7,28.5,610.56,15.77,47.45,673.8,"GER",">100"
"Picea abies (L.) Karst.","Natural",112,40.4,31,753.7,23.81,62.65,840.2,"GER",">100"
"Picea abies (L.) Karst.","Natural",144,30.2,24.4,309.02,16.89,20.04,346,"GER",">100"
"Picea abies (L.) Karst.","Natural",145,32,25.52,407.85,12.53,24.32,444.7,"GER",">100"
"Picea abies (L.) Karst.","Natural",138,39.8,27,538.71,38.09,60.75,637.5,"GER",">100"
"Picea abies (L.) Karst.","Natural",148,45.8,27.95,832.07,37.28,71.73,941.1,"GER",">100"
"Picea abies (L.) Karst.","Natural",137,52.8,32,1256.5,39.85,100.4,1396.7,"GER",">100"
"Picea abies (L.) Karst.","Natural",58,30.3,25,315.8,8,19.5,343.3,"GER","50-100"
"Picea abies (L.) Karst.","Natural",58,19,19,98.2,3.5,6.4,108.1,"GER","50-100"
"Picea abies (L.) Karst.","Natural",58,27.9,22.3,271.4,2.4,24.7,298.5,"GER","50-100"
"Picea abies (L.) Karst.","Natural",58,20.6,21,160.6,2.4,15.3,178.3,"GER","50-100"
"Picea abies (L.) Karst.","Natural",58,17.6,20.7,116.4,1.1,7,124.5,"GER","50-100"
"Picea abies (L.) Karst.","Natural",58,23.7,21.2,189.1,1.6,13.6,204.3,"GER","50-100"
"Picea abies (L.) Karst.","Natural",58,11.2,15.9,33.1,1.8,2.8,37.7,"GER","50-100"
"Picea abies (L.) Karst.","Natural",58,16.8,19.5,92.3,3,9.5,104.8,"GER","50-100"
"Picea abies (L.) Karst.","Natural",58,19.6,20.9,140.2,2.8,9.4,152.4,"GER","50-100"
"Picea abies (L.) Karst.","Natural",58,14.4,15.8,56.6,5.2,3.4,65.2,"GER","50-100"
"Picea abies (L.) Karst.","Natural",50,9.4,14.2,24.9,1,1.5,27.4,"GER","50-100"
"Picea abies (L.) Karst.","Natural",50,16.3,17,80.4,3.2,7.7,91.3,"GER","50-100"
"Picea abies (L.) Karst.","Natural",50,11.5,14,28.1,1.6,2.7,32.4,"GER","50-100"
"Picea abies (L.) Karst.","Natural",50,19,16.2,92.8,6.4,19,118.2,"GER","50-100"
"Picea abies (L.) Karst.","Natural",50,14.9,14.4,44.3,2.4,7.1,53.8,"GER","50-100"
"Picea abies (L.) Karst.","Natural",50,10.4,12.7,22.8,1.8,3.6,28.2,"GER","50-100"
"Picea abies (L.) Karst.","Natural",50,16.5,17.4,81.9,5.6,15.3,102.8,"GER","50-100"
"Picea abies (L.) Karst.","Natural",50,14.7,17.7,68.8,2.8,5.4,77,"GER","50-100"
"Picea abies (L.) Karst.","Natural",50,10.9,14.2,28.2,3.2,3.4,34.8,"GER","50-100"
"Picea abies (L.) Karst.","Natural",50,14.6,17.2,65,3.4,6.5,74.9,"GER","50-100"
"Picea abies (L.) Karst.","Natural",50,16.3,16.8,69.1,4.8,8.4,82.3,"GER","50-100"
"Picea abies (L.) Karst.","Natural",50,18.5,18.4,91.7,2.2,8.8,102.7,"GER","50-100"
"Picea abies (L.) Karst.","Natural",50,11.5,12.9,29.6,3.2,3.5,36.3,"GER","50-100"
"Picea abies (L.) Karst.","Natural",50,22.5,19.6,131.3,2,21.5,154.8,"GER","50-100"
"Picea abies (L.) Karst.","Natural",50,8.9,12.1,17.1,0.8,2.3,20.2,"GER","50-100"
"Picea abies (L.) Karst.","Natural",44,9.8,12.2,22.4,1,3.4,26.8,"GER","<50"
"Picea abies (L.) Karst.","Natural",44,11.9,14.5,37.8,2,3.9,43.7,"GER","<50"
"Picea abies (L.) Karst.","Natural",44,16.4,17.6,69.7,2.3,10.3,82.3,"GER","<50"
"Picea abies (L.) Karst.","Natural",44,11.2,13.3,27.8,2,3.7,33.5,"GER","<50"
"Picea abies (L.) Karst.","Natural",44,14.4,16.5,54.6,1.8,4.9,61.3,"GER","<50"
"Picea abies (L.) Karst.","Natural",44,22.8,19.3,145.1,3.8,21.7,170.6,"GER","<50"
"Picea abies (L.) Karst.","Natural",44,20.3,18.5,114.1,6,11.4,131.5,"GER","<50"
"Picea abies (L.) Karst.","Natural",44,17.9,17.9,90.3,2.2,15.5,108,"GER","<50"
"Picea abies (L.) Karst.","Natural",44,16,19.4,85.8,3.2,6.7,95.7,"GER","<50"
"Picea abies (L.) Karst.","Natural",44,13.6,16.1,50.9,4,5.4,60.3,"GER","<50"
"Picea abies (L.) Karst.","Natural",44,22.7,22.1,152.9,4.8,12.9,170.6,"GER","<50"
"Picea abies (L.) Karst.","Natural",44,22.5,21.5,136.5,2.9,11.3,150.7,"GER","<50"
"Picea abies (L.) Karst.","Natural",44,20.5,19.1,124.8,2.6,14.9,142.3,"GER","<50"
"Picea abies (L.) Karst.","Natural",44,18.3,18.7,88.5,4.8,7.7,101,"GER","<50"
"Picea abies (L.) Karst.","Natural",44,10.8,14.4,25.8,1,3.6,30.4,"GER","<50"
"Picea abies (L.) Karst.","Natural",63,30,23.4,312.9,50.8,41.17,404.9,"GER","50-100"
"Picea abies (L.) Karst.","Natural",63,31,22.47,354.9,27.5,35.85,418.2,"GER","50-100"
"Picea abies (L.) Karst.","Natural",63,30,22.55,314.6,25,37.72,377.3,"GER","50-100"
"Picea abies (L.) Karst.","Natural",68,16,14.1,88.52,16.24,3.84,108.6,"GER","50-100"
"Picea abies (L.) Karst.","Natural",68,18,15.9,90.84,11.85,8.96,111.6,"GER","50-100"
"Picea abies (L.) Karst.","Natural",68,16,14.9,64.75,6.18,3.93,74.9,"GER","50-100"
"Picea abies (L.) Karst.","Natural",68,15,12.4,50.48,8.76,5.22,64.5,"GER","50-100"
"Picea abies (L.) Karst.","Natural",68,16,15.8,84.04,6.89,7.41,98.3,"GER","50-100"
"Picea abies (L.) Karst.","Natural",68,14,13.2,55.98,11.89,6.84,74.7,"GER","50-100"
"Picea abies (L.) Karst.","Natural",68,17,15,86.39,12.6,8.75,107.7,"GER","50-100"
"Picea abies (L.) Karst.","Natural",68,17,15,85.05,9.33,10.73,105.1,"GER","50-100"
"Picea abies (L.) Karst.","Natural",68,16,14.8,82.51,11.08,6.35,99.9,"GER","50-100"
"Picea abies (L.) Karst.","Natural",68,14,13.9,58.25,8.06,5.67,72,"GER","50-100"
"Picea abies (L.) Karst.","Natural",68,16,16,88.63,7.36,6.74,102.7,"GER","50-100"
"Picea abies (L.) Karst.","Natural",68,14,14.1,58.26,11.27,4.19,73.7,"GER","50-100"
"Picea abies (L.) Karst.","Natural",68,16,16.4,76.31,14.8,10.22,101.3,"GER","50-100"
"Picea abies (L.) Karst.","Natural",68,16,14.4,60.83,9.3,4.66,74.8,"GER","50-100"
"Picea abies (L.) Karst.","Natural",68,15,13.7,55.76,10.43,7.12,73.3,"GER","50-100"
"Picea abies (L.) Karst.","Natural",68,15,14.6,61.95,10,5.57,77.5,"GER","50-100"
"Picea abies (L.) Karst.","Natural",68,15,14,57.91,8.95,6.81,73.7,"GER","50-100"
"Picea abies (L.) Karst.","Natural",68,17,15.8,93.38,8.39,10.26,112,"GER","50-100"
"Picea abies (L.) Karst.","Natural",68,14,13.5,61.53,11.68,6.6,79.8,"GER","50-100"
"Picea abies (L.) Karst.","Natural",68,17,14.5,73.92,11.1,5.36,90.4,"GER","50-100"
"Picea abies (L.) Karst.","Natural",130,37,27,541.4,42.08,56.8,640.3,"GER",">100"
"Picea abies (L.) Karst.","Natural",75,25,20,161.7,11.55,29.84,203.1,"GER","50-100"
"Picea abies (L.) Karst.","Natural",75,25,20,193.5,6.55,20.91,221,"GER","50-100"
"Picea abies (L.) Karst.","Natural",25,7,5.4,6,0.557,1.883,8.44,"GER","<50"
"Picea abies (L.) Karst.","Natural",25,7,5.4,6.8,0.801,4.821,12.42,"GER","<50"
"Picea abies (L.) Karst.","Natural",50,15,14,44.3,4.403,6.35,55.05,"GER","50-100"
"Picea abies (L.) Karst.","Natural",50,15,14,52,4.175,8.571,64.75,"GER","50-100"
"Picea abies (L.) Karst.","Natural",15,5,4.9,3,0.05,NA,NA,"GER","<50"
"Picea abies (L.) Karst.","Natural",15,5,4.9,3.9,0.097,NA,NA,"GER","<50"
"Picea abies (L.) Karst.","Natural",100,27.3,25.2,305.7,40.7,30.1,376.5,"GER","50-100"
"Picea abies (L.) Karst.","Natural",142,36.5,26.7,532.2,83.2,45.7,661.1,"GER",">100"
"Picea abies (L.) Karst.","Natural",62,22.4,22.75,195,7,18,220,"GER","50-100"
"Picea abies (L.) Karst.","Natural",62,27.2,21.6,226,7,25,258,"GER","50-100"
"Picea abies (L.) Karst.","Natural",62,19.8,20.1,127,3,10,140,"GER","50-100"
"Picea abies (L.) Karst.","Natural",62,22.7,20.8,153,6,13,172,"GER","50-100"
"Picea abies (L.) Karst.","Natural",62,17.9,19.25,91,3,5,99,"GER","50-100"
"Picea abies (L.) Karst.","Natural",62,15.5,17.65,68,2,2,72,"GER","50-100"
"Picea abies (L.) Karst.","Natural",62,11.8,12.78,36,2,4,42,"GER","50-100"
"Picea abies (L.) Karst.","Natural",62,10.7,11.98,27,2,3,32,"GER","50-100"
"Picea abies (L.) Karst.","Natural",84,30.1,25.1,330,4,22,356,"GER","50-100"
"Picea abies (L.) Karst.","Natural",84,24.3,23.2,233,7,17,257,"GER","50-100"
"Picea abies (L.) Karst.","Natural",84,20.4,22.51,160,4,6,170,"GER","50-100"
"Picea abies (L.) Karst.","Natural",84,17.1,17.38,106,6,9,121,"GER","50-100"
"Picea abies (L.) Karst.","Natural",84,21,21.85,163,3,12,178,"GER","50-100"
"Picea abies (L.) Karst.","Natural",84,16.5,18.11,90,6,7,103,"GER","50-100"
"Picea abies (L.) Karst.","Natural",84,17.3,20,130,6,8,144,"GER","50-100"
"Picea abies (L.) Karst.","Natural",84,27.5,24.43,287,3,26,316,"GER","50-100"
"Picea abies (L.) Karst.","Natural",84,37.8,26.58,430,17,31,478,"GER","50-100"
"Picea abies (L.) Karst.","Natural",91,23.2,21.4,215,7,9,231,"GER","50-100"
"Picea abies (L.) Karst.","Natural",91,29.8,24.7,357,17,13,387,"GER","50-100"
"Picea abies (L.) Karst.","Natural",91,34.1,26.6,397,12,38,447,"GER","50-100"
"Picea abies (L.) Karst.","Natural",91,24.7,24.1,261,8,9,278,"GER","50-100"
"Picea abies (L.) Karst.","Natural",91,31.8,25.2,351,13,13,377,"GER","50-100"
"Picea abies (L.) Karst.","Natural",95,29.5,23.9,258.4,65.14,27.5,351,"GER","50-100"
"Picea abies (L.) Karst.","Natural",95,16.2,16.15,63.04,26.53,12.52,102.1,"GER","50-100"
"Picea abies (L.) Karst.","Natural",95,16.8,16.75,61.61,20.16,11.58,93.35,"GER","50-100"
"Picea abies (L.) Karst.","Natural",95,11,13.9,28.67,7.1,3.51,39.28,"GER","50-100"
"Picea abies (L.) Karst.","Natural",95,17.3,14.95,66.45,23.29,12.06,101.8,"GER","50-100"
"Picea abies (L.) Karst.","Natural",95,22.2,16.25,108.6,44.06,21.84,174.5,"GER","50-100"
"Picea abies (L.) Karst.","Natural",95,19.4,17.85,83.36,28.64,15.42,127.4,"GER","50-100"
"Picea abies (L.) Karst.","Natural",95,17,16.4,72.96,26.21,14.03,113.2,"GER","50-100"
"Picea abies (L.) Karst.","Natural",95,23.2,18,136.6,52.13,28.19,216.9,"GER","50-100"
"Picea abies (L.) Karst.","Natural",95,11.5,12.3,25.79,10.47,5.52,41.78,"GER","50-100"
"Picea abies (L.) Karst.","Natural",95,13.8,12.15,33.92,10.9,4.94,49.76,"GER","50-100"
"Picea abies (L.) Karst.","Natural",95,20,17.05,106.7,49.22,24.05,180,"GER","50-100"
"Picea abies (L.) Karst.","Natural",95,7.1,7.45,4.07,2.1,0.98,7.15,"GER","50-100"
"Picea abies (L.) Karst.","Natural",95,41.2,31.7,702.1,128.2,41.79,872.1,"GER","50-100"
"Picea abies (L.) Karst.","Natural",95,33.4,28.6,476.5,88.29,29.66,594.5,"GER","50-100"
"Picea abies (L.) Karst.","Natural",95,7,6.31,5.08,2.41,1.26,8.75,"GER","50-100"
"Picea abies (L.) Karst.","Natural",95,10.5,6.55,11.09,6.82,4,21.91,"GER","50-100"
"Picea abies (L.) Karst.","Natural",95,9,6.79,8.94,5.83,2.61,17.38,"GER","50-100"
"Picea abies (L.) Karst.","Natural",89,23.2,26.9,NA,5.84,2.23,NA,"UKR","50-100"
"Picea abies (L.) Karst.","Natural",89,33.2,33.7,NA,22.68,18.56,NA,"UKR","50-100"
"Picea abies (L.) Karst.","Natural",92,58.3,41.7,NA,132.21,90.96,NA,"UKR","50-100"
"Picea abies (L.) Karst.","Natural",66,28,28.9,NA,17.23,14.85,NA,"UKR","50-100"
"Picea abies (L.) Karst.","Natural",64,28.2,29.3,NA,3.38,3.71,NA,"UKR","50-100"
"Picea abies (L.) Karst.","Natural",64,45.2,30.1,NA,96.49,46.41,NA,"UKR","50-100"
"Picea abies (L.) Karst.","Natural",106,69.8,44.2,NA,256.47,222.03,NA,"UKR",">100"
"Picea abies (L.) Karst.","Natural",107,48.2,37.9,NA,206.62,104.7,NA,"UKR",">100"
"Picea abies (L.) Karst.","Natural",40,33.1,25.9,NA,57.32,39.73,NA,"UKR","<50"
"Picea abies (L.) Karst.","Natural",37,23.8,20.7,NA,12.16,25.25,NA,"UKR","<50"
"Picea abies (L.) Karst.","Natural",37,14.3,16.2,NA,2.06,4.27,NA,"UKR","<50"
"Picea abies (L.) Karst.","Natural",52,19.2,20.7,NA,6.56,4.83,NA,"UKR","50-100"
"Picea abies (L.) Karst.","Natural",82,40.3,33,NA,36.6,33.04,NA,"UKR","50-100"
"Picea abies (L.) Karst.","Natural",82,52.3,40.2,NA,51.32,43.81,NA,"UKR","50-100"
"Picea abies (L.) Karst.","Natural",70,26.6,30.7,NA,5.72,11.88,NA,"UKR","50-100"
"Picea abies (L.) Karst.","Natural",70,33.5,31.9,NA,6.08,12.62,NA,"UKR","50-100"
"Picea abies (L.) Karst.","Natural",68,48.1,34.1,NA,60.81,41.58,NA,"UKR","50-100"
"Picea abies (L.) Karst.","Natural",45,21,20.2,NA,6.76,7.43,NA,"UKR","<50"
"Picea abies (L.) Karst.","Natural",45,26.1,24.6,NA,20.24,15.59,NA,"UKR","<50"
"Picea abies (L.) Karst.","Natural",45,34.4,25.8,NA,32.69,28.22,NA,"UKR","<50"
"Picea abies (L.) Karst.","Natural",64,16.2,20.2,NA,17.4,14.11,NA,"UKR","50-100"
"Picea abies (L.) Karst.","Natural",82,32.6,33.1,NA,26.08,29.7,NA,"UKR","50-100"
"Picea abies (L.) Karst.","Natural",82,46.7,32.5,NA,102.93,55.69,NA,"UKR","50-100"
"Picea abies (L.) Karst.","Natural",61,16.1,22.9,NA,6.5,5.2,NA,"UKR","50-100"
"Picea abies (L.) Karst.","Natural",68,28.6,27.6,NA,21.03,14.48,NA,"UKR","50-100"
"Picea abies (L.) Karst.","Natural",70,35.7,29.4,NA,21.93,17.45,NA,"UKR","50-100"
"Picea abies (L.) Karst.","Natural",32,9.8,16.7,NA,2.49,2.97,NA,"UKR","<50"
"Picea abies (L.) Karst.","Natural",31,20.2,19.4,NA,18.3,17.08,NA,"UKR","<50"
"Picea abies (L.) Karst.","Natural",33,25.3,22.3,NA,40.19,42.7,NA,"UKR","<50"
"Picea abies (L.) Karst.","Natural",16,4.8,4.8,NA,1.11,1.3,NA,"UKR","<50"
"Picea abies (L.) Karst.","Natural",16,8.6,6.3,NA,8,8.35,NA,"UKR","<50"
"Picea abies (L.) Karst.","Natural",16,13.7,8.1,NA,18.46,14.67,NA,"UKR","<50"
"Picea abies (L.) Karst.","Natural",25,7.7,9.5,NA,0.85,0.45,NA,"UKR","<50"
"Picea abies (L.) Karst.","Natural",28,10.7,11.8,NA,2.47,2.04,NA,"UKR","<50"
"Picea abies (L.) Karst.","Natural",28,18,12.6,NA,13.02,12.18,NA,"UKR","<50"
"Picea abies (L.) Karst.","Natural",31,10.1,11.6,NA,2.75,2.41,NA,"UKR","<50"
"Picea abies (L.) Karst.","Natural",35,14.6,12.4,NA,6.27,5.87,NA,"UKR","<50"
"Picea abies (L.) Karst.","Natural",38,19.2,15.3,NA,13.02,11.06,NA,"UKR","<50"
"Picea abies (L.) Karst.","Natural",28,8.8,7.1,NA,4.07,1.86,NA,"UKR","<50"
"Picea abies (L.) Karst.","Natural",29,11.6,9.1,NA,4.51,3.64,NA,"UKR","<50"
"Picea abies (L.) Karst.","Natural",30,15.6,10.3,NA,14.37,10.58,NA,"UKR","<50"
"Picea abies (L.) Karst.","Natural",20,8.5,9.3,NA,3.59,3.38,NA,"UKR","<50"
"Picea abies (L.) Karst.","Natural",20,4.1,6.8,NA,0.46,0.52,NA,"UKR","<50"
"Picea abies (L.) Karst.","Natural",20,5.8,7.6,NA,1.24,1.37,NA,"UKR","<50"
"Picea abies (L.) Karst.","Natural",20,8.8,7.7,NA,2.97,2.97,NA,"UKR","<50"
"Picea abies (L.) Karst.","Natural",20,5.3,7.1,NA,0.91,1.11,NA,"UKR","<50"
"Picea abies (L.) Karst.","Natural",33,7.4,9.7,NA,2.9,1.52,NA,"UKR","<50"
"Picea abies (L.) Karst.","Natural",35,12.2,12.2,NA,3.53,3.27,NA,"UKR","<50"
"Picea abies (L.) Karst.","Natural",35,13.2,15.5,NA,5.63,5.2,NA,"UKR","<50"
"Picea abies (L.) Karst.","Natural",35,16,16.2,52.626,6.65,3.68,62.956,"UKR","<50"
"Picea abies (L.) Karst.","Natural",16,2.2,2.5,NA,0.47,0.74,NA,"UKR","<50"
"Picea abies (L.) Karst.","Natural",17,3.3,3.8,NA,0.91,1.45,NA,"UKR","<50"
"Picea abies (L.) Karst.","Natural",17,3.6,3.4,NA,1.3,1.82,NA,"UKR","<50"
"Picea abies (L.) Karst.","Natural",24,7.1,8.3,NA,1.82,2,NA,"UKR","<50"
"Picea abies (L.) Karst.","Natural",25,10,10,NA,5.87,6.01,NA,"UKR","<50"
"Picea abies (L.) Karst.","Natural",25,10.8,9.5,NA,3.63,3.68,NA,"UKR","<50"
"Picea abies (L.) Karst.","Natural",26,11.6,12,19.974,5.41,5.49,30.874,"UKR","<50"
"Picea abies (L.) Karst.","Natural",30,6,8.2,NA,0.34,0.48,NA,"UKR","<50"
"Picea abies (L.) Karst.","Natural",33,10,12.2,NA,1.53,1.75,NA,"UKR","<50"
"Picea abies (L.) Karst.","Natural",34,12,14.4,NA,3.74,3.9,NA,"UKR","<50"
"Picea abies (L.) Karst.","Natural",33,13.9,15.9,38.7,6.54,5.98,51.22,"UKR","<50"
"Picea abies (L.) Karst.","Natural",35,8.3,11.4,NA,1.19,1.15,NA,"UKR","<50"
"Picea abies (L.) Karst.","Natural",35,9.7,15.9,NA,2.08,2,NA,"UKR","<50"
"Picea abies (L.) Karst.","Natural",35,12.5,14.5,NA,4.39,4.05,NA,"UKR","<50"
"Picea abies (L.) Karst.","Natural",36,14.6,17.2,43.215,5.6,5.24,54.055,"UKR","<50"
"Picea abies (L.) Karst.","Natural",30,8.2,10.7,NA,2.73,2.71,NA,"UKR","<50"
"Picea abies (L.) Karst.","Natural",30,10.2,11.4,NA,5.44,5.12,NA,"UKR","<50"
"Picea abies (L.) Karst.","Natural",31,10.2,11.5,NA,4.1,3.79,NA,"UKR","<50"
"Picea abies (L.) Karst.","Natural",31,11.6,13,NA,3.55,4.83,NA,"UKR","<50"
"Picea abies (L.) Karst.","Natural",20,2.4,3,NA,0.29,0.59,NA,"UKR","<50"
"Picea abies (L.) Karst.","Natural",20,3.9,4.9,NA,0.54,1.11,NA,"UKR","<50"
"Picea abies (L.) Karst.","Natural",16,4,4.2,NA,0.57,1.19,NA,"UKR","<50"
"Picea abies (L.) Karst.","Natural",20,4.1,5.2,NA,0.75,1.56,NA,"UKR","<50"
"Picea abies (L.) Karst.","Natural",18,5.1,4.8,NA,1.27,2.64,NA,"UKR","<50"
"Picea abies (L.) Karst.","Natural",20,5.4,4.8,NA,1.19,2.04,NA,"UKR","<50"
"Picea abies (L.) Karst.","Natural",20,5.5,5.3,2.876,1.16,2.3,6.336,"UKR","<50"
"Picea abies (L.) Karst.","Natural",19,5.7,6.2,NA,1.43,2.64,NA,"UKR","<50"
"Picea abies (L.) Karst.","Natural",18,5.7,4.8,NA,1.27,2.3,NA,"UKR","<50"
"Picea abies (L.) Karst.","Natural",20,6.1,5.7,NA,1.37,2.75,NA,"UKR","<50"
"Picea abies (L.) Karst.","Natural",20,6.8,6,NA,2.17,3.42,NA,"UKR","<50"
"Picea abies (L.) Karst.","Natural",18,7.1,5.7,NA,2.17,3.64,NA,"UKR","<50"
"Picea abies (L.) Karst.","Natural",19,7.8,5.8,NA,2.54,4.27,NA,"UKR","<50"
"Picea abies (L.) Karst.","Natural",20,8.7,7,NA,2.9,5.79,NA,"UKR","<50"
"Picea abies (L.) Karst.","Natural",20,10.8,8.8,13.919,6.7,12.25,32.869,"UKR","<50"
"Picea abies (L.) Karst.","Planted",11,1.8,2.1,NA,0.21,0.45,NA,"UKR","<50"
"Picea abies (L.) Karst.","Planted",10,1.9,2,NA,0.89,1.52,NA,"UKR","<50"
"Picea abies (L.) Karst.","Planted",10,2.1,2.7,NA,0.43,0.89,NA,"UKR","<50"
"Picea abies (L.) Karst.","Planted",11,2.9,3,NA,1.66,2.67,NA,"UKR","<50"
"Picea abies (L.) Karst.","Planted",11,3.3,3.1,NA,2.25,4.12,NA,"UKR","<50"
"Picea abies (L.) Karst.","Planted",11,3.4,2.9,NA,1.14,1.93,NA,"UKR","<50"
"Picea abies (L.) Karst.","Planted",10,3.4,3.3,NA,2.03,3.12,NA,"UKR","<50"
"Picea abies (L.) Karst.","Planted",10,4,3,NA,1.77,3.45,NA,"UKR","<50"
"Picea abies (L.) Karst.","Planted",11,4.5,3.2,NA,2.07,4.2,NA,"UKR","<50"
"Picea abies (L.) Karst.","Planted",11,4.8,3.8,NA,1.02,2,NA,"UKR","<50"
"Picea abies (L.) Karst.","Planted",11,5.9,4,2.537,2.06,3.71,8.307,"UKR","<50"
"Picea abies (L.) Karst.","Planted",10,5.9,4.5,NA,2.37,4.49,NA,"UKR","<50"
"Picea abies (L.) Karst.","Natural",14,1.7,2.3,NA,0.38,0.78,NA,"UKR","<50"
"Picea abies (L.) Karst.","Natural",16,2,2.5,NA,0.29,0.59,NA,"UKR","<50"
"Picea abies (L.) Karst.","Natural",16,2.6,2.8,NA,0.66,1.37,NA,"UKR","<50"
"Picea abies (L.) Karst.","Natural",18,3.4,3.4,NA,1.68,3.04,NA,"UKR","<50"
"Picea abies (L.) Karst.","Natural",15,3.5,3.7,NA,1.68,0.85,NA,"UKR","<50"
"Picea abies (L.) Karst.","Natural",16,4,3.1,NA,0.96,1.89,NA,"UKR","<50"
"Picea abies (L.) Karst.","Natural",16,4,3.8,NA,1.27,2.3,NA,"UKR","<50"
"Picea abies (L.) Karst.","Natural",15,4.7,3.9,NA,0.71,1.37,NA,"UKR","<50"
"Picea abies (L.) Karst.","Natural",17,5.2,4.6,NA,1.57,2.82,NA,"UKR","<50"
"Picea abies (L.) Karst.","Natural",18,6.1,4.5,NA,1.27,2.52,NA,"UKR","<50"
"Picea abies (L.) Karst.","Natural",18,6.2,5.2,NA,2.02,3.53,NA,"UKR","<50"
"Picea abies (L.) Karst.","Natural",18,6.9,5.5,NA,2.04,3.9,NA,"UKR","<50"
"Picea abies (L.) Karst.","Natural",19,7.3,5.8,4.732,2.56,4.12,11.412,"UKR","<50"
"Picea abies (L.) Karst.","Natural",17,8.2,6,NA,4.06,7.76,NA,"UKR","<50"
"Picea abies (L.) Karst.","Natural",17,10.7,7.2,10.044,5.78,10.47,26.294,"UKR","<50"
"Picea abies (L.) Karst.","Natural",15,1.3,2.3,NA,0.16,0.33,NA,"UKR","<50"
"Picea abies (L.) Karst.","Natural",21,4.8,5,NA,1.07,1.89,NA,"UKR","<50"
"Picea abies (L.) Karst.","Natural",22,5.3,5.9,NA,1.04,1.82,NA,"UKR","<50"
"Picea abies (L.) Karst.","Natural",16,5.7,5.1,NA,1.29,2.45,NA,"UKR","<50"
"Picea abies (L.) Karst.","Natural",26,6.8,8.1,NA,1.64,2.75,NA,"UKR","<50"
"Picea abies (L.) Karst.","Natural",22,8,8.9,NA,1.38,2.3,NA,"UKR","<50"
"Picea abies (L.) Karst.","Natural",22,9.2,6.7,8.148,4.33,6.91,19.388,"UKR","<50"
"Picea abies (L.) Karst.","Natural",22,9.7,9.5,NA,2.19,3.79,NA,"UKR","<50"
"Picea abies (L.) Karst.","Natural",22,12.5,10.7,NA,8.08,12.59,NA,"UKR","<50"
"Picea abies (L.) Karst.","Natural",33,8.3,10.1,NA,2.31,2.49,NA,"UKR","<50"
"Picea abies (L.) Karst.","Natural",40,12.6,12.2,NA,2.53,3.04,NA,"UKR","<50"
"Picea abies (L.) Karst.","Natural",43,13.7,15.6,NA,2.4,3.01,NA,"UKR","<50"
"Picea abies (L.) Karst.","Natural",41,14.9,18.4,NA,4.41,5.2,NA,"UKR","<50"
"Picea abies (L.) Karst.","Natural",41,15.6,15.2,NA,6.16,7.5,NA,"UKR","<50"
"Picea abies (L.) Karst.","Natural",41,16.1,17.6,NA,3.59,4.83,NA,"UKR","<50"
"Picea abies (L.) Karst.","Natural",42,18.3,19.4,NA,8.41,11.06,NA,"UKR","<50"
"Picea abies (L.) Karst.","Natural",41,20.1,19.5,103.446,11.18,11.66,126.286,"UKR","<50"
"Picea abies (L.) Karst.","Natural",44,24.5,23.1,NA,20.54,19.86,NA,"UKR","<50"
"Picea abies (L.) Karst.","Natural",41,26.3,22.1,NA,30.15,24.95,NA,"UKR","<50"
"Picea abies (L.) Karst.","Natural",92,20.4,17.3,NA,11.7,9.21,NA,"UKR","50-100"
"Picea abies (L.) Karst.","Natural",115,23.3,18.3,NA,13.46,7.35,NA,"UKR",">100"
"Picea abies (L.) Karst.","Natural",122,25.8,24.5,293.662,28.47,16.48,338.612,"UKR",">100"
"Picea abies (L.) Karst.","Natural",138,35.7,31,NA,42.76,36.16,NA,"UKR",">100"
"Picea abies (L.) Karst.","Natural",122,36.8,31.6,NA,27.59,19.2,NA,"UKR",">100"
"Picea abies (L.) Karst.","Natural",119,46.6,30.8,NA,84.13,55.54,NA,"UKR",">100"
"Picea abies (L.) Karst.","Natural",173,53.6,36.3,NA,141.68,71.62,NA,"UKR",">100"
"Picea abies (L.) Karst.","Natural",41,8.2,12.7,NA,0.91,1.78,NA,"UKR","<50"
"Picea abies (L.) Karst.","Natural",41,10.8,14.3,NA,2.01,2.3,NA,"UKR","<50"
"Picea abies (L.) Karst.","Natural",41,13.1,17,NA,5.14,5.94,NA,"UKR","<50"
"Picea abies (L.) Karst.","Natural",41,18,20.3,NA,7.8,5.83,NA,"UKR","<50"
"Picea abies (L.) Karst.","Natural",42,18.5,20.8,93.986,8.66,10.62,113.266,"UKR","<50"
"Picea abies (L.) Karst.","Natural",41,21,21.1,NA,11.87,12.55,NA,"UKR","<50"
"Picea abies (L.) Karst.","Natural",41,22.3,23,NA,17.31,16.34,NA,"UKR","<50"
"Picea abies (L.) Karst.","Natural",19,2,2.1,NA,0.21,0.45,NA,"UKR","<50"
"Picea abies (L.) Karst.","Natural",19,2.5,3.3,NA,0.13,0.26,NA,"UKR","<50"
"Picea abies (L.) Karst.","Natural",19,4.4,4.4,NA,1.25,1.49,NA,"UKR","<50"
"Picea abies (L.) Karst.","Natural",20,5.1,5.3,NA,1.53,2.3,NA,"UKR","<50"
"Picea abies (L.) Karst.","Natural",20,5.5,4.9,NA,0.57,1.19,NA,"UKR","<50"
"Picea abies (L.) Karst.","Natural",20,5.7,5.6,NA,1.97,4.08,NA,"UKR","<50"
"Picea abies (L.) Karst.","Natural",20,5.8,5.5,NA,0.79,1.63,NA,"UKR","<50"
"Picea abies (L.) Karst.","Natural",20,8.3,7.5,NA,4.83,3.64,NA,"UKR","<50"
"Picea abies (L.) Karst.","Natural",30,9.5,6.6,NA,9.7,7.57,NA,"UKR","<50"
"Picea abies (L.) Karst.","Natural",21,10.5,7.7,NA,8.41,6.24,NA,"UKR","<50"
"Picea abies (L.) Karst.","Natural",23,11.1,9,NA,8.96,9.8,NA,"UKR","<50"
"Picea abies (L.) Karst.","Natural",33,13.8,10.6,NA,10.79,7.43,NA,"UKR","<50"
"Picea abies (L.) Karst.","Natural",32,5.7,8.3,NA,0.67,0.52,NA,"UKR","<50"
"Picea abies (L.) Karst.","Natural",30,5.8,7.5,NA,1.63,0.52,NA,"UKR","<50"
"Picea abies (L.) Karst.","Natural",21,8.5,8.5,NA,4.09,4.08,NA,"UKR","<50"
"Picea abies (L.) Karst.","Natural",27,8.8,12.8,NA,2.98,2.23,NA,"UKR","<50"
"Picea abies (L.) Karst.","Natural",24,9.5,12.5,NA,3.8,2.6,NA,"UKR","<50"
"Picea abies (L.) Karst.","Natural",28,9.8,11.3,NA,3.12,2.75,NA,"UKR","<50"
"Picea abies (L.) Karst.","Natural",24,11.2,13,NA,4.23,3.04,NA,"UKR","<50"
"Picea abies (L.) Karst.","Natural",31,11.2,14,NA,5.15,4.53,NA,"UKR","<50"
"Picea abies (L.) Karst.","Natural",27,12.1,13.7,NA,5.4,4.6,NA,"UKR","<50"
"Picea abies (L.) Karst.","Natural",27,12.1,13.5,NA,7.35,5.12,NA,"UKR","<50"
"Picea abies (L.) Karst.","Natural",32,14.1,15.9,NA,11.93,8.91,NA,"UKR","<50"
"Picea abies (L.) Karst.","Natural",29,14.2,16.5,NA,8.3,6.24,NA,"UKR","<50"
"Picea abies (L.) Karst.","Natural",34,15,16.5,NA,9.58,6.46,NA,"UKR","<50"
"Picea abies (L.) Karst.","Natural",33,15,16.3,NA,7.24,5.35,NA,"UKR","<50"
"Picea abies (L.) Karst.","Natural",33,15.2,16.8,NA,8.69,5.27,NA,"UKR","<50"
"Picea abies (L.) Karst.","Natural",26,16.1,15.7,NA,11.01,8.09,NA,"UKR","<50"
"Picea abies (L.) Karst.","Natural",31,17,15.5,NA,20.71,12.85,NA,"UKR","<50"
"Picea abies (L.) Karst.","Natural",29,17.1,15,NA,23.82,17.97,NA,"UKR","<50"
"Picea abies (L.) Karst.","Natural",26,17.9,15,NA,24.3,13.89,NA,"UKR","<50"
"Picea abies (L.) Karst.","Natural",29,18,19.5,NA,19.87,11.96,NA,"UKR","<50"
"Picea abies (L.) Karst.","Natural",32,18.9,17.5,NA,21.24,12.18,NA,"UKR","<50"
"Picea abies (L.) Karst.","Natural",40,20,18.7,NA,28.25,13.74,NA,"UKR","<50"
"Picea abies (L.) Karst.","Natural",34,24,17.1,NA,49.44,21.16,NA,"UKR","<50"
"Picea abies (L.) Karst.","Natural",51,10,10.3,NA,3.12,1.86,NA,"UKR","50-100"
"Picea abies (L.) Karst.","Natural",51,11.1,12.1,NA,6.54,6.76,NA,"UKR","50-100"
"Picea abies (L.) Karst.","Natural",48,12.5,15,NA,3.09,1.78,NA,"UKR","<50"
"Picea abies (L.) Karst.","Natural",48,13,14.5,NA,3.65,1.86,NA,"UKR","<50"
"Picea abies (L.) Karst.","Natural",57,13.5,17.3,NA,8.94,4.9,NA,"UKR","50-100"
"Picea abies (L.) Karst.","Natural",50,15.5,15.2,NA,3.44,2.75,NA,"UKR","50-100"
"Picea abies (L.) Karst.","Natural",60,15.6,14.3,NA,11.06,4.9,NA,"UKR","50-100"
"Picea abies (L.) Karst.","Natural",54,16,14.5,NA,8.62,6.24,NA,"UKR","50-100"
"Picea abies (L.) Karst.","Natural",58,18,22.5,NA,4.93,4.31,NA,"UKR","50-100"
"Picea abies (L.) Karst.","Natural",59,19,20,NA,3.37,1.93,NA,"UKR","50-100"
"Picea abies (L.) Karst.","Natural",59,19.6,24.1,NA,8.7,6.83,NA,"UKR","50-100"
"Picea abies (L.) Karst.","Natural",60,20,21.8,NA,11.79,9.5,NA,"UKR","50-100"
"Picea abies (L.) Karst.","Natural",65,22.1,23.3,NA,13.7,9.06,NA,"UKR","50-100"
"Picea abies (L.) Karst.","Natural",63,23.2,21.8,NA,16.05,13.07,NA,"UKR","50-100"
"Picea abies (L.) Karst.","Natural",52,24,25.1,NA,15.21,14.18,NA,"UKR","50-100"
"Picea abies (L.) Karst.","Natural",52,26.1,23.9,NA,29.29,15.89,NA,"UKR","50-100"
"Picea abies (L.) Karst.","Natural",50,27.2,25,242.275,31.92,24.43,298.625,"UKR","50-100"
"Picea abies (L.) Karst.","Natural",52,27.8,25.9,NA,26.02,12.18,NA,"UKR","50-100"
"Picea abies (L.) Karst.","Natural",54,28.2,25,NA,33.49,15.82,NA,"UKR","50-100"
"Picea abies (L.) Karst.","Natural",62,31.7,26.3,NA,43.35,25.92,NA,"UKR","50-100"
"Picea abies (L.) Karst.","Natural",66,38,26.5,NA,68.44,37.5,NA,"UKR","50-100"
"Picea abies (L.) Karst.","Natural",47,7,10,NA,0.78,0.97,NA,"UKR","<50"
"Picea abies (L.) Karst.","Natural",47,9.5,10.5,NA,3.06,2.15,NA,"UKR","<50"
"Picea abies (L.) Karst.","Natural",47,10.2,14.7,NA,5.83,6.16,NA,"UKR","<50"
"Picea abies (L.) Karst.","Natural",46,10.6,16.8,NA,2.03,2,NA,"UKR","<50"
"Picea abies (L.) Karst.","Natural",47,13.2,17.3,NA,5.76,6.24,NA,"UKR","<50"
"Picea abies (L.) Karst.","Natural",49,14.6,19.8,NA,3.38,3.71,NA,"UKR","<50"
"Picea abies (L.) Karst.","Natural",48,14.7,15,NA,10.77,10.02,NA,"UKR","<50"
"Picea abies (L.) Karst.","Natural",48,19.5,20.8,NA,13,10.69,NA,"UKR","<50"
"Picea abies (L.) Karst.","Natural",49,24.3,24.5,NA,16.89,11.06,NA,"UKR","<50"
"Picea abies (L.) Karst.","Natural",49,26.5,21.9,NA,21.71,12.25,NA,"UKR","<50"
"Picea abies (L.) Karst.","Natural",48,29.7,24.5,NA,44.8,25.4,NA,"UKR","<50"
"Picea abies (L.) Karst.","Natural",25,8.2,9.4,NA,2.53,4.92,NA,"UKR","<50"
"Picea abies (L.) Karst.","Natural",27,12.5,11.9,19.596,7.25,9.15,35.996,"UKR","<50"
"Picea abies (L.) Karst.","Natural",28,15.8,13.6,NA,15.9,23.01,NA,"UKR","<50"
"Picea abies (L.) Karst.","Natural",39,21.7,21.8,154.568,16,21.54,192.108,"UKR","<50"
